time_period,time_identifier,geographic_level,country_code,country_name,missing_status,breakdown,number
2025,Reporting year,National,E92000001,England,Age of children missing from placement,1 to 4 years,20
2025,Reporting year,National,E92000001,England,Age of children missing from placement,10 to 15 years,38060
2025,Reporting year,National,E92000001,England,Age of children missing from placement,16 years and over,48690
2025,Reporting year,National,E92000001,England,Age of children missing from placement,5 to 9 years,120
2025,Reporting year,National,E92000001,England,Age of children missing from placement,Total incidents,86900
2025,Reporting year,National,E92000001,England,Age of children missing from placement,Under 1 year,10
2025,Reporting year,National,E92000001,England,Children missing from placement,All children looked after during the year,115410
2025,Reporting year,National,E92000001,England,Children missing from placement ,Average (mean) number of days per missing incident,1.6
2025,Reporting year,National,E92000001,England,Children missing from placement ,Average (median) number of days per missing incident,1
2025,Reporting year,National,E92000001,England,Children missing from placement,Average number of incidents per looked after child who was missing,6.8
2025,Reporting year,National,E92000001,England,Children missing from placement,Children missing more than once during the year,8210
2025,Reporting year,National,E92000001,England,Children missing from placement,Children missing on 31 March,220
2025,Reporting year,National,E92000001,England,Children missing from placement,Children missing on 31 March who were unaccompanied asylum-seeking children,40
2025,Reporting year,National,E92000001,England,Children missing from placement,Percentage of children looked after during the year who were missing,11
2025,Reporting year,National,E92000001,England,Children missing from placement by ethnic origin,African,860
2025,Reporting year,National,E92000001,England,Children missing from placement by ethnic origin,Any other Asian background,450
2025,Reporting year,National,E92000001,England,Children missing from placement by ethnic origin,Any other Black background,270
2025,Reporting year,National,E92000001,England,Children missing from placement by ethnic origin,Any other Mixed background,490
2025,Reporting year,National,E92000001,England,Children missing from placement by ethnic origin,Any other White background,520
2025,Reporting year,National,E92000001,England,Children missing from placement by ethnic origin,Bangladeshi,60
2025,Reporting year,National,E92000001,England,Children missing from placement by ethnic origin,Caribbean,340
2025,Reporting year,National,E92000001,England,Children missing from placement by ethnic origin,Chinese,c
2025,Reporting year,National,E92000001,England,Children missing from placement by ethnic origin,Gypsy Roma,90
2025,Reporting year,National,E92000001,England,Children missing from placement by ethnic origin,Indian,30
2025,Reporting year,National,E92000001,England,Children missing from placement by ethnic origin,Information not yet obtained,40
2025,Reporting year,National,E92000001,England,Children missing from placement by ethnic origin,Pakistani,130
2025,Reporting year,National,E92000001,England,Children missing from placement by ethnic origin,Refused,10
2025,Reporting year,National,E92000001,England,Children missing from placement by ethnic origin,Total Asian or Asian British,680
2025,Reporting year,National,E92000001,England,Children missing from placement by ethnic origin,"Total Black, African, Caribbean or Black British",1470
2025,Reporting year,National,E92000001,England,Children missing from placement by ethnic origin,Total children who were missing during the year,12720
2025,Reporting year,National,E92000001,England,Children missing from placement by ethnic origin,Total Mixed or Multiple ethnic groups,1420
2025,Reporting year,National,E92000001,England,Children missing from placement by ethnic origin,Total other ethnic group,820
2025,Reporting year,National,E92000001,England,Children missing from placement by ethnic origin,Total refused or information not yet available,50
2025,Reporting year,National,E92000001,England,Children missing from placement by ethnic origin,Total White,8270
2025,Reporting year,National,E92000001,England,Children missing from placement by ethnic origin,Traveller of Irish Heritage,30
2025,Reporting year,National,E92000001,England,Children missing from placement by ethnic origin,White and Asian,210
2025,Reporting year,National,E92000001,England,Children missing from placement by ethnic origin,White and Black African,180
2025,Reporting year,National,E92000001,England,Children missing from placement by ethnic origin,White and Black Caribbean,540
2025,Reporting year,National,E92000001,England,Children missing from placement by ethnic origin,White British,7610
2025,Reporting year,National,E92000001,England,Children missing from placement by ethnic origin,White Irish,30
2025,Reporting year,National,E92000001,England,Children missing from placement by sex,Females,5680
2025,Reporting year,National,E92000001,England,Children missing from placement by sex,Males,7040
2025,Reporting year,National,E92000001,England,Children missing from placement by sex,Total children who were missing during the year,12720
2025,Reporting year,National,E92000001,England,Durations of missing from placement periods,Between 1 and 2 days,50590
2025,Reporting year,National,E92000001,England,Durations of missing from placement periods,Between 11 and 15 days,390
2025,Reporting year,National,E92000001,England,Durations of missing from placement periods,Between 16 and 20 days,160
2025,Reporting year,National,E92000001,England,Durations of missing from placement periods,Between 21 and 30 days,150
2025,Reporting year,National,E92000001,England,Durations of missing from placement periods,Between 3 and 7 days,6540
2025,Reporting year,National,E92000001,England,Durations of missing from placement periods,Between 8 and 10 days,570
2025,Reporting year,National,E92000001,England,Durations of missing from placement periods,Less than 1 day,28230
2025,Reporting year,National,E92000001,England,Durations of missing from placement periods,More than 30 days,270
2025,Reporting year,National,E92000001,England,Durations of missing from placement periods,Total incidents,86900
2025,Reporting year,National,E92000001,England,Missing from placement incidents,Total number of missing incidents during the year,86900
2025,Reporting year,National,E92000001,England,Placement locations from which children were missing,Missing from placement inside council boundary,43760
2025,Reporting year,National,E92000001,England,Placement locations from which children were missing,Missing from placement outside council boundary,43140
2025,Reporting year,National,E92000001,England,Placement locations from which children were missing,Total incidents,86900
2025,Reporting year,National,E92000001,England,Placements from which children were missing,1: Foster placements,14180
2025,Reporting year,National,E92000001,England,Placements from which children were missing,2: Adoption,0
2025,Reporting year,National,E92000001,England,Placements from which children were missing,3: Placed with parents or other person with parental responsibility,1280
2025,Reporting year,National,E92000001,England,Placements from which children were missing,4: Secure homes and children's homes,30660
2025,Reporting year,National,E92000001,England,Placements from which children were missing,5: Independent and semi-independent living arrangements/ supported accommodation,27140
2025,Reporting year,National,E92000001,England,Placements from which children were missing,6:Other placements,13650
2025,Reporting year,National,E92000001,England,Placements from which children were missing,Total incidents,86900
2024,Reporting year,National,E92000001,England,Age of children missing from placement,1 to 4 years,30
2024,Reporting year,National,E92000001,England,Age of children missing from placement,10 to 15 years,37340
2024,Reporting year,National,E92000001,England,Age of children missing from placement,16 years and over,46410
2024,Reporting year,National,E92000001,England,Age of children missing from placement,5 to 9 years,120
2024,Reporting year,National,E92000001,England,Age of children missing from placement,Total incidents,83920
2024,Reporting year,National,E92000001,England,Age of children missing from placement,Under 1 year,10
2024,Reporting year,National,E92000001,England,Children missing from placement,All children looked after during the year,116470
2024,Reporting year,National,E92000001,England,Children missing from placement ,Average (mean) number of days per missing incident,1.8
2024,Reporting year,National,E92000001,England,Children missing from placement ,Average (median) number of days per missing incident,1
2024,Reporting year,National,E92000001,England,Children missing from placement,Average number of incidents per looked after child who was missing,6.5
2024,Reporting year,National,E92000001,England,Children missing from placement,Children missing more than once during the year,8200
2024,Reporting year,National,E92000001,England,Children missing from placement,Children missing on 31 March,240
2024,Reporting year,National,E92000001,England,Children missing from placement,Children missing on 31 March who were unaccompanied asylum-seeking children,70
2024,Reporting year,National,E92000001,England,Children missing from placement,Percentage of children looked after during the year who were missing,11
2024,Reporting year,National,E92000001,England,Children missing from placement by ethnic origin,African,790
2024,Reporting year,National,E92000001,England,Children missing from placement by ethnic origin,Any other Asian background,490
2024,Reporting year,National,E92000001,England,Children missing from placement by ethnic origin,Any other Black background,270
2024,Reporting year,National,E92000001,England,Children missing from placement by ethnic origin,Any other Mixed background,490
2024,Reporting year,National,E92000001,England,Children missing from placement by ethnic origin,Any other White background,580
2024,Reporting year,National,E92000001,England,Children missing from placement by ethnic origin,Bangladeshi,60
2024,Reporting year,National,E92000001,England,Children missing from placement by ethnic origin,Caribbean,360
2024,Reporting year,National,E92000001,England,Children missing from placement by ethnic origin,Chinese,10
2024,Reporting year,National,E92000001,England,Children missing from placement by ethnic origin,Gypsy Roma,80
2024,Reporting year,National,E92000001,England,Children missing from placement by ethnic origin,Indian,30
2024,Reporting year,National,E92000001,England,Children missing from placement by ethnic origin,Information not yet obtained,40
2024,Reporting year,National,E92000001,England,Children missing from placement by ethnic origin,Pakistani,140
2024,Reporting year,National,E92000001,England,Children missing from placement by ethnic origin,Refused,10
2024,Reporting year,National,E92000001,England,Children missing from placement by ethnic origin,Total Asian or Asian British,730
2024,Reporting year,National,E92000001,England,Children missing from placement by ethnic origin,"Total Black, African, Caribbean or Black British",1410
2024,Reporting year,National,E92000001,England,Children missing from placement by ethnic origin,Total children who were missing during the year,13000
2024,Reporting year,National,E92000001,England,Children missing from placement by ethnic origin,Total Mixed or Multiple ethnic groups,1420
2024,Reporting year,National,E92000001,England,Children missing from placement by ethnic origin,Total other ethnic group,870
2024,Reporting year,National,E92000001,England,Children missing from placement by ethnic origin,Total refused or information not yet available,50
2024,Reporting year,National,E92000001,England,Children missing from placement by ethnic origin,Total White,8520
2024,Reporting year,National,E92000001,England,Children missing from placement by ethnic origin,Traveller of Irish Heritage,40
2024,Reporting year,National,E92000001,England,Children missing from placement by ethnic origin,White and Asian,230
2024,Reporting year,National,E92000001,England,Children missing from placement by ethnic origin,White and Black African,180
2024,Reporting year,National,E92000001,England,Children missing from placement by ethnic origin,White and Black Caribbean,520
2024,Reporting year,National,E92000001,England,Children missing from placement by ethnic origin,White British,7790
2024,Reporting year,National,E92000001,England,Children missing from placement by ethnic origin,White Irish,40
2024,Reporting year,National,E92000001,England,Children missing from placement by sex,Females,5670
2024,Reporting year,National,E92000001,England,Children missing from placement by sex,Males,7330
2024,Reporting year,National,E92000001,England,Children missing from placement by sex,Total children who were missing during the year,13000
2024,Reporting year,National,E92000001,England,Durations of missing from placement periods,Between 1 and 2 days,47470
2024,Reporting year,National,E92000001,England,Durations of missing from placement periods,Between 11 and 15 days,420
2024,Reporting year,National,E92000001,England,Durations of missing from placement periods,Between 16 and 20 days,180
2024,Reporting year,National,E92000001,England,Durations of missing from placement periods,Between 21 and 30 days,180
2024,Reporting year,National,E92000001,England,Durations of missing from placement periods,Between 3 and 7 days,6640
2024,Reporting year,National,E92000001,England,Durations of missing from placement periods,Between 8 and 10 days,650
2024,Reporting year,National,E92000001,England,Durations of missing from placement periods,Less than 1 day,28010
2024,Reporting year,National,E92000001,England,Durations of missing from placement periods,More than 30 days,370
2024,Reporting year,National,E92000001,England,Durations of missing from placement periods,Total incidents,83920
2024,Reporting year,National,E92000001,England,Missing from placement incidents,Total number of missing incidents during the year,83920
2024,Reporting year,National,E92000001,England,Placement locations from which children were missing,Missing from placement inside council boundary,45170
2024,Reporting year,National,E92000001,England,Placement locations from which children were missing,Missing from placement outside council boundary,38750
2024,Reporting year,National,E92000001,England,Placement locations from which children were missing,Total incidents,83920
2024,Reporting year,National,E92000001,England,Placements from which children were missing,1: Foster placements,15000
2024,Reporting year,National,E92000001,England,Placements from which children were missing,2: Adoption,0
2024,Reporting year,National,E92000001,England,Placements from which children were missing,3: Placed with parents or other person with parental responsibility,1400
2024,Reporting year,National,E92000001,England,Placements from which children were missing,4: Secure homes and children's homes,27350
2024,Reporting year,National,E92000001,England,Placements from which children were missing,5: Independent and semi-independent living arrangements/ supported accommodation,27730
2024,Reporting year,National,E92000001,England,Placements from which children were missing,6:Other placements,12430
2024,Reporting year,National,E92000001,England,Placements from which children were missing,Total incidents,83920
2023,Reporting year,National,E92000001,England,Age of children missing from placement,1 to 4 years,30
2023,Reporting year,National,E92000001,England,Age of children missing from placement,10 to 15 years,35990
2023,Reporting year,National,E92000001,England,Age of children missing from placement,16 years and over,45930
2023,Reporting year,National,E92000001,England,Age of children missing from placement,5 to 9 years,150
2023,Reporting year,National,E92000001,England,Age of children missing from placement,Total incidents,82110
2023,Reporting year,National,E92000001,England,Age of children missing from placement,Under 1 year,20
2023,Reporting year,National,E92000001,England,Children missing from placement,All children looked after during the year,114760
2023,Reporting year,National,E92000001,England,Children missing from placement ,Average (mean) number of days per missing incident,2
2023,Reporting year,National,E92000001,England,Children missing from placement ,Average (median) number of days per missing incident,1
2023,Reporting year,National,E92000001,England,Children missing from placement,Average number of incidents per looked after child who was missing,6.4
2023,Reporting year,National,E92000001,England,Children missing from placement,Children missing more than once during the year,8150
2023,Reporting year,National,E92000001,England,Children missing from placement,Children missing on 31 March,210
2023,Reporting year,National,E92000001,England,Children missing from placement,Children missing on 31 March who were unaccompanied asylum-seeking children,60
2023,Reporting year,National,E92000001,England,Children missing from placement,Percentage of children looked after during the year who were missing,11
2023,Reporting year,National,E92000001,England,Children missing from placement by ethnic origin,African,740
2023,Reporting year,National,E92000001,England,Children missing from placement by ethnic origin,Any other Asian background,390
2023,Reporting year,National,E92000001,England,Children missing from placement by ethnic origin,Any other Black background,270
2023,Reporting year,National,E92000001,England,Children missing from placement by ethnic origin,Any other Mixed background,470
2023,Reporting year,National,E92000001,England,Children missing from placement by ethnic origin,Any other White background,560
2023,Reporting year,National,E92000001,England,Children missing from placement by ethnic origin,Bangladeshi,60
2023,Reporting year,National,E92000001,England,Children missing from placement by ethnic origin,Caribbean,320
2023,Reporting year,National,E92000001,England,Children missing from placement by ethnic origin,Chinese,10
2023,Reporting year,National,E92000001,England,Children missing from placement by ethnic origin,Gypsy Roma,80
2023,Reporting year,National,E92000001,England,Children missing from placement by ethnic origin,Indian,40
2023,Reporting year,National,E92000001,England,Children missing from placement by ethnic origin,Information not yet obtained,30
2023,Reporting year,National,E92000001,England,Children missing from placement by ethnic origin,Pakistani,130
2023,Reporting year,National,E92000001,England,Children missing from placement by ethnic origin,Refused,10
2023,Reporting year,National,E92000001,England,Children missing from placement by ethnic origin,Total Asian or Asian British,620
2023,Reporting year,National,E92000001,England,Children missing from placement by ethnic origin,"Total Black, African, Caribbean or Black British",1330
2023,Reporting year,National,E92000001,England,Children missing from placement by ethnic origin,Total children who were missing during the year,12790
2023,Reporting year,National,E92000001,England,Children missing from placement by ethnic origin,Total Mixed or Multiple ethnic groups,1390
2023,Reporting year,National,E92000001,England,Children missing from placement by ethnic origin,Total other ethnic group,790
2023,Reporting year,National,E92000001,England,Children missing from placement by ethnic origin,Total refused or information not yet available,40
2023,Reporting year,National,E92000001,England,Children missing from placement by ethnic origin,Total White,8620
2023,Reporting year,National,E92000001,England,Children missing from placement by ethnic origin,Traveller of Irish Heritage,40
2023,Reporting year,National,E92000001,England,Children missing from placement by ethnic origin,White and Asian,230
2023,Reporting year,National,E92000001,England,Children missing from placement by ethnic origin,White and Black African,170
2023,Reporting year,National,E92000001,England,Children missing from placement by ethnic origin,White and Black Caribbean,520
2023,Reporting year,National,E92000001,England,Children missing from placement by ethnic origin,White British,7910
2023,Reporting year,National,E92000001,England,Children missing from placement by ethnic origin,White Irish,30
2023,Reporting year,National,E92000001,England,Children missing from placement by sex,Females,5630
2023,Reporting year,National,E92000001,England,Children missing from placement by sex,Males,7150
2023,Reporting year,National,E92000001,England,Children missing from placement by sex,Total children who were missing during the year,12790
2023,Reporting year,National,E92000001,England,Durations of missing from placement periods,Between 1 and 2 days,46360
2023,Reporting year,National,E92000001,England,Durations of missing from placement periods,Between 11 and 15 days,470
2023,Reporting year,National,E92000001,England,Durations of missing from placement periods,Between 16 and 20 days,190
2023,Reporting year,National,E92000001,England,Durations of missing from placement periods,Between 21 and 30 days,190
2023,Reporting year,National,E92000001,England,Durations of missing from placement periods,Between 3 and 7 days,6620
2023,Reporting year,National,E92000001,England,Durations of missing from placement periods,Between 8 and 10 days,650
2023,Reporting year,National,E92000001,England,Durations of missing from placement periods,Less than 1 day,27250
2023,Reporting year,National,E92000001,England,Durations of missing from placement periods,More than 30 days,380
2023,Reporting year,National,E92000001,England,Durations of missing from placement periods,Total incidents,82110
2023,Reporting year,National,E92000001,England,Missing from placement incidents,Total number of missing incidents during the year,82110
2023,Reporting year,National,E92000001,England,Placement locations from which children were missing,Missing from placement inside council boundary,46490
2023,Reporting year,National,E92000001,England,Placement locations from which children were missing,Missing from placement outside council boundary,35630
2023,Reporting year,National,E92000001,England,Placement locations from which children were missing,Total incidents,82110
2023,Reporting year,National,E92000001,England,Placements from which children were missing,1: Foster placements,17670
2023,Reporting year,National,E92000001,England,Placements from which children were missing,2: Adoption,0
2023,Reporting year,National,E92000001,England,Placements from which children were missing,3: Placed with parents or other person with parental responsibility,1450
2023,Reporting year,National,E92000001,England,Placements from which children were missing,4: Secure homes and children's homes,27230
2023,Reporting year,National,E92000001,England,Placements from which children were missing,5: Independent and semi-independent living arrangements/ supported accommodation,31170
2023,Reporting year,National,E92000001,England,Placements from which children were missing,6:Other placements,4590
2023,Reporting year,National,E92000001,England,Placements from which children were missing,Total incidents,82110
2022,Reporting year,National,E92000001,England,Age of children missing from placement,1 to 4 years,50
2022,Reporting year,National,E92000001,England,Age of children missing from placement,10 to 15 years,30610
2022,Reporting year,National,E92000001,England,Age of children missing from placement,16 years and over,46270
2022,Reporting year,National,E92000001,England,Age of children missing from placement,5 to 9 years,170
2022,Reporting year,National,E92000001,England,Age of children missing from placement,Total incidents,77110
2022,Reporting year,National,E92000001,England,Age of children missing from placement,Under 1 year,10
2022,Reporting year,National,E92000001,England,Children missing from placement,All children looked after during the year,111440
2022,Reporting year,National,E92000001,England,Children missing from placement ,Average (mean) number of days per missing incident,2
2022,Reporting year,National,E92000001,England,Children missing from placement ,Average (median) number of days per missing incident,1
2022,Reporting year,National,E92000001,England,Children missing from placement,Average number of incidents per looked after child who was missing,6.3
2022,Reporting year,National,E92000001,England,Children missing from placement,Children missing more than once during the year,7780
2022,Reporting year,National,E92000001,England,Children missing from placement,Children missing on 31 March,200
2022,Reporting year,National,E92000001,England,Children missing from placement,Children missing on 31 March who were unaccompanied asylum-seeking children,80
2022,Reporting year,National,E92000001,England,Children missing from placement,Percentage of children looked after during the year who were missing,11
2022,Reporting year,National,E92000001,England,Children missing from placement by ethnic origin,African,680
2022,Reporting year,National,E92000001,England,Children missing from placement by ethnic origin,Any other Asian background,320
2022,Reporting year,National,E92000001,England,Children missing from placement by ethnic origin,Any other Black background,230
2022,Reporting year,National,E92000001,England,Children missing from placement by ethnic origin,Any other Mixed background,450
2022,Reporting year,National,E92000001,England,Children missing from placement by ethnic origin,Any other White background,470
2022,Reporting year,National,E92000001,England,Children missing from placement by ethnic origin,Bangladeshi,70
2022,Reporting year,National,E92000001,England,Children missing from placement by ethnic origin,Caribbean,330
2022,Reporting year,National,E92000001,England,Children missing from placement by ethnic origin,Chinese,10
2022,Reporting year,National,E92000001,England,Children missing from placement by ethnic origin,Gypsy Roma,80
2022,Reporting year,National,E92000001,England,Children missing from placement by ethnic origin,Indian,30
2022,Reporting year,National,E92000001,England,Children missing from placement by ethnic origin,Information not yet obtained,10
2022,Reporting year,National,E92000001,England,Children missing from placement by ethnic origin,Pakistani,120
2022,Reporting year,National,E92000001,England,Children missing from placement by ethnic origin,Refused,c
2022,Reporting year,National,E92000001,England,Children missing from placement by ethnic origin,Total Asian or Asian British,550
2022,Reporting year,National,E92000001,England,Children missing from placement by ethnic origin,"Total Black, African, Caribbean or Black British",1240
2022,Reporting year,National,E92000001,England,Children missing from placement by ethnic origin,Total children who were missing during the year,12180
2022,Reporting year,National,E92000001,England,Children missing from placement by ethnic origin,Total Mixed or Multiple ethnic groups,1330
2022,Reporting year,National,E92000001,England,Children missing from placement by ethnic origin,Total other ethnic group,650
2022,Reporting year,National,E92000001,England,Children missing from placement by ethnic origin,Total refused or information not yet available,20
2022,Reporting year,National,E92000001,England,Children missing from placement by ethnic origin,Total White,8400
2022,Reporting year,National,E92000001,England,Children missing from placement by ethnic origin,Traveller of Irish Heritage,30
2022,Reporting year,National,E92000001,England,Children missing from placement by ethnic origin,White and Asian,230
2022,Reporting year,National,E92000001,England,Children missing from placement by ethnic origin,White and Black African,150
2022,Reporting year,National,E92000001,England,Children missing from placement by ethnic origin,White and Black Caribbean,500
2022,Reporting year,National,E92000001,England,Children missing from placement by ethnic origin,White British,7790
2022,Reporting year,National,E92000001,England,Children missing from placement by ethnic origin,White Irish,20
2022,Reporting year,National,E92000001,England,Children missing from placement by sex,Females,5430
2022,Reporting year,National,E92000001,England,Children missing from placement by sex,Males,6750
2022,Reporting year,National,E92000001,England,Children missing from placement by sex,Total children who were missing during the year,12180
2022,Reporting year,National,E92000001,England,Durations of missing from placement periods,Between 1 and 2 days,42980
2022,Reporting year,National,E92000001,England,Durations of missing from placement periods,Between 11 and 15 days,370
2022,Reporting year,National,E92000001,England,Durations of missing from placement periods,Between 16 and 20 days,180
2022,Reporting year,National,E92000001,England,Durations of missing from placement periods,Between 21 and 30 days,160
2022,Reporting year,National,E92000001,England,Durations of missing from placement periods,Between 3 and 7 days,5920
2022,Reporting year,National,E92000001,England,Durations of missing from placement periods,Between 8 and 10 days,570
2022,Reporting year,National,E92000001,England,Durations of missing from placement periods,Less than 1 day,26560
2022,Reporting year,National,E92000001,England,Durations of missing from placement periods,More than 30 days,370
2022,Reporting year,National,E92000001,England,Durations of missing from placement periods,Total incidents,77110
2022,Reporting year,National,E92000001,England,Missing from placement incidents,Total number of missing incidents during the year,77110
2022,Reporting year,National,E92000001,England,Placement locations from which children were missing,Missing from placement inside council boundary,43470
2022,Reporting year,National,E92000001,England,Placement locations from which children were missing,Missing from placement outside council boundary,33640
2022,Reporting year,National,E92000001,England,Placement locations from which children were missing,Total incidents,77110
2022,Reporting year,National,E92000001,England,Placements from which children were missing,1: Foster placements,17460
2022,Reporting year,National,E92000001,England,Placements from which children were missing,2: Adoption,0
2022,Reporting year,National,E92000001,England,Placements from which children were missing,3: Placed with parents or other person with parental responsibility,1350
2022,Reporting year,National,E92000001,England,Placements from which children were missing,4: Secure homes and children's homes,26060
2022,Reporting year,National,E92000001,England,Placements from which children were missing,5: Independent and semi-independent living arrangements/ supported accommodation,30000
2022,Reporting year,National,E92000001,England,Placements from which children were missing,6:Other placements,2240
2022,Reporting year,National,E92000001,England,Placements from which children were missing,Total incidents,77110
2021,Reporting year,National,E92000001,England,Age of children missing from placement,1 to 4 years,40
2021,Reporting year,National,E92000001,England,Age of children missing from placement,10 to 15 years,26770
2021,Reporting year,National,E92000001,England,Age of children missing from placement,16 years and over,44730
2021,Reporting year,National,E92000001,England,Age of children missing from placement,5 to 9 years,100
2021,Reporting year,National,E92000001,England,Age of children missing from placement,Total incidents,71660
2021,Reporting year,National,E92000001,England,Age of children missing from placement,Under 1 year,20
2021,Reporting year,National,E92000001,England,Children missing from placement,All children looked after during the year,108100
2021,Reporting year,National,E92000001,England,Children missing from placement ,Average (mean) number of days per missing incident,2.1
2021,Reporting year,National,E92000001,England,Children missing from placement ,Average (median) number of days per missing incident,1
2021,Reporting year,National,E92000001,England,Children missing from placement,Average number of incidents per looked after child who was missing,6.6
2021,Reporting year,National,E92000001,England,Children missing from placement,Children missing more than once during the year,7020
2021,Reporting year,National,E92000001,England,Children missing from placement,Children missing on 31 March,200
2021,Reporting year,National,E92000001,England,Children missing from placement,Children missing on 31 March who were unaccompanied asylum-seeking children,80
2021,Reporting year,National,E92000001,England,Children missing from placement,Percentage of children looked after during the year who were missing,10
2021,Reporting year,National,E92000001,England,Children missing from placement by ethnic origin,African,610
2021,Reporting year,National,E92000001,England,Children missing from placement by ethnic origin,Any other Asian background,280
2021,Reporting year,National,E92000001,England,Children missing from placement by ethnic origin,Any other Black background,210
2021,Reporting year,National,E92000001,England,Children missing from placement by ethnic origin,Any other Mixed background,360
2021,Reporting year,National,E92000001,England,Children missing from placement by ethnic origin,Any other White background,430
2021,Reporting year,National,E92000001,England,Children missing from placement by ethnic origin,Bangladeshi,60
2021,Reporting year,National,E92000001,England,Children missing from placement by ethnic origin,Caribbean,300
2021,Reporting year,National,E92000001,England,Children missing from placement by ethnic origin,Chinese,10
2021,Reporting year,National,E92000001,England,Children missing from placement by ethnic origin,Gypsy Roma,80
2021,Reporting year,National,E92000001,England,Children missing from placement by ethnic origin,Indian,30
2021,Reporting year,National,E92000001,England,Children missing from placement by ethnic origin,Information not yet obtained,20
2021,Reporting year,National,E92000001,England,Children missing from placement by ethnic origin,Pakistani,110
2021,Reporting year,National,E92000001,England,Children missing from placement by ethnic origin,Refused,c
2021,Reporting year,National,E92000001,England,Children missing from placement by ethnic origin,Total Asian or Asian British,490
2021,Reporting year,National,E92000001,England,Children missing from placement by ethnic origin,"Total Black, African, Caribbean or Black British",1120
2021,Reporting year,National,E92000001,England,Children missing from placement by ethnic origin,Total children who were missing during the year,10910
2021,Reporting year,National,E92000001,England,Children missing from placement by ethnic origin,Total Mixed or Multiple ethnic groups,1080
2021,Reporting year,National,E92000001,England,Children missing from placement by ethnic origin,Total other ethnic group,490
2021,Reporting year,National,E92000001,England,Children missing from placement by ethnic origin,Total refused or information not yet available,20
2021,Reporting year,National,E92000001,England,Children missing from placement by ethnic origin,Total White,7720
2021,Reporting year,National,E92000001,England,Children missing from placement by ethnic origin,Traveller of Irish Heritage,30
2021,Reporting year,National,E92000001,England,Children missing from placement by ethnic origin,White and Asian,160
2021,Reporting year,National,E92000001,England,Children missing from placement by ethnic origin,White and Black African,110
2021,Reporting year,National,E92000001,England,Children missing from placement by ethnic origin,White and Black Caribbean,440
2021,Reporting year,National,E92000001,England,Children missing from placement by ethnic origin,White British,7160
2021,Reporting year,National,E92000001,England,Children missing from placement by ethnic origin,White Irish,30
2021,Reporting year,National,E92000001,England,Children missing from placement by sex,Females,4750
2021,Reporting year,National,E92000001,England,Children missing from placement by sex,Males,6160
2021,Reporting year,National,E92000001,England,Children missing from placement by sex,Total children who were missing during the year,10910
2021,Reporting year,National,E92000001,England,Durations of missing from placement periods,Between 1 and 2 days,39950
2021,Reporting year,National,E92000001,England,Durations of missing from placement periods,Between 11 and 15 days,400
2021,Reporting year,National,E92000001,England,Durations of missing from placement periods,Between 16 and 20 days,180
2021,Reporting year,National,E92000001,England,Durations of missing from placement periods,Between 21 and 30 days,150
2021,Reporting year,National,E92000001,England,Durations of missing from placement periods,Between 3 and 7 days,5420
2021,Reporting year,National,E92000001,England,Durations of missing from placement periods,Between 8 and 10 days,560
2021,Reporting year,National,E92000001,England,Durations of missing from placement periods,Less than 1 day,24650
2021,Reporting year,National,E92000001,England,Durations of missing from placement periods,More than 30 days,360
2021,Reporting year,National,E92000001,England,Durations of missing from placement periods,Total incidents,71660
2021,Reporting year,National,E92000001,England,Missing from placement incidents,Total number of missing incidents during the year,71660
2021,Reporting year,National,E92000001,England,Placement locations from which children were missing,Missing from placement inside council boundary,40320
2021,Reporting year,National,E92000001,England,Placement locations from which children were missing,Missing from placement outside council boundary,31340
2021,Reporting year,National,E92000001,England,Placement locations from which children were missing,Total incidents,71660
2021,Reporting year,National,E92000001,England,Placements from which children were missing,1: Foster placements,14090
2021,Reporting year,National,E92000001,England,Placements from which children were missing,2: Adoption,0
2021,Reporting year,National,E92000001,England,Placements from which children were missing,3: Placed with parents or other person with parental responsibility,1160
2021,Reporting year,National,E92000001,England,Placements from which children were missing,4: Secure homes and children's homes,23650
2021,Reporting year,National,E92000001,England,Placements from which children were missing,5: Independent and semi-independent living arrangements/ supported accommodation,30730
2021,Reporting year,National,E92000001,England,Placements from which children were missing,6:Other placements,2030
2021,Reporting year,National,E92000001,England,Placements from which children were missing,Total incidents,71660
